t,dt,n_newton_iter,avg_pressure,qo_prod,qw_prod,qg_prod,qw_inj,cum_oil_stb,cum_water_stb,cum_gas,cum_water_inj_stb,water_cut,gor,recovery_factor,final_scaled_residual
1.0,1.0,6,3782.5784572963994,1980.7709261570449,2.2918184639623114,1188462.5556942269,400.0,1980.7709261570449,2.2918184639623114,1188462.5556942269,400.0,0.0011556963944679985,600.0,0.0029299133750338487,4.3706166670511884e-14
2.0,1.0,6,3589.983636387457,1763.356700595194,2.0651174745402736,1058014.0203571164,400.0,3744.127626752239,4.356935938502585,2246476.576051343,800.0,0.001169758668100193,600.0,0.005538232345089144,6.5584908817779004e-15
3.0,1.0,5,3417.814262783861,1602.820784692307,1.894064124002626,961692.4708153842,400.0,5346.948411444546,6.251000062505211,3208169.0468667275,1200.0,0.001180311957230127,600.0,0.007909090071662978,8.008192892520618e-15
4.0,1.0,5,3263.739273648247,1465.3972177048804,1.7452545503650425,879238.3306229282,400.0,6812.345629149426,7.996254612870254,4087407.3774896557,1600.0,0.001189560375607075,600.0,0.010076673839777367,6.8490212485279035e-15
5.0,1.0,5,3125.80101348545,1344.166075523175,1.6121152973198798,806499.6453139051,400.0,8156.511704672601,9.608369910190133,4893907.022803561,2000.0,0.0011979056491746268,600.0,0.012064935132860312,7.698147351073741e-15
6.0,1.0,5,3002.268266192128,1236.4690974094683,1.4923280159422663,741881.458445681,400.0,9392.98080208207,11.1006979261324,5635788.481249242,2400.0,0.0012054721458137887,600.0,0.013893893392735742,7.0545819224488175e-15
7.0,1.0,5,2892.2557274815094,1143.1103125714014,1.3868054796758313,685241.2652483736,400.0,10536.09111465347,12.48750340580823,6321029.746497616,2800.0,0.0012117160085447591,599.453314096116,0.015584757363785633,6.7181846872523444e-15
8.0,1.0,11,2804.091302141947,1042.9816705568091,1.328037924709553,623053.0812911768,400.0,11579.07278521028,13.815541330517783,6944082.827788793,3200.0,0.0012716897237703458,597.3768273018183,0.017127513220167413,6.716749950578895e-15
8.5,0.5,5,2762.905362678481,970.8233046061384,1.2879753612535523,589464.9070169241,400.0,12064.484437513349,14.459529011144559,7238815.281297254,3400.0,0.0013249258472720895,607.1804253360699,0.017845523603750395,5.586454801809036e-14
9.0,0.5,5,2727.0149527051512,948.6794674129428,1.2619463079217206,573720.0861575733,400.0,12538.82417121982,15.09050216510542,7525675.324376041,3600.0,0.0013284464596387596,604.7565124626476,0.018547156645584734,3.0443618161490375e-15
9.5,0.5,5,2694.7278674537342,927.4149515982494,1.2364729833108197,558507.2373014047,400.0,13002.531647018945,15.70873865676083,7804928.943026744,3800.0,0.0013314715840423766,602.2193585933761,0.01923306268222217,4.136956335066317e-15
10.0,0.5,6,2665.167080073177,890.45166503931,1.2079677704021783,541189.7878672439,400.0,13447.757479538599,16.312722541961918,8075523.836960366,4000.0,0.0013547408965860059,607.7699768727508,0.019891631073136896,4.057623727441925e-15
10.5,0.5,5,2640.949775698609,864.7162547784725,1.1870918196052869,529657.9290473434,400.0,13880.115606927835,16.90626845176456,8340352.801484038,4200.0,0.001370928781219151,612.5222304084407,0.020531165833827275,1.593623565317998e-13
11.0,0.5,6,2622.150519541285,855.0418225609063,1.1737944053461822,522163.9716867512,400.0,14307.636518208288,17.49316565443765,8601434.787327414,4400.0,0.0013709098293548726,610.6882235571072,0.021163545489407878,3.4719639054544488e-15
11.5,0.5,4,2607.5829711240463,852.4334529245749,1.165057257696559,517168.4017455196,400.0,14733.853244670576,18.07569428328593,8860018.988200175,4600.0,0.001364877332608958,606.6965109958909,0.02179399602310376,3.904488726868534e-13
12.25,0.75,5,2591.7361235594467,850.2613722591623,1.1555367320184813,512097.94718952896,400.0,15371.549273864948,18.94234683229979,9244092.448592322,4900.0,0.001357192604252649,602.2829730919964,0.022737262152704874,4.540873607723316e-15
13.0,0.75,5,2580.271132669053,847.93696013731,1.1476785122890005,508207.6152909738,400.0,16007.501993967931,19.80310571651654,9625248.160060553,5200.0,0.0013516656173574062,599.3459881836942,0.023677949617324473,4.935716091344829e-15
13.75,0.75,5,2571.892467755439,845.3357491656421,1.14070850110399,504921.27784681885,400.0,16641.503805842163,20.658637092344534,10003939.118445667,5500.0,0.00134759625122744,597.3026437663177,0.02461575134082308,5.975567643471797e-15
14.5,0.75,5,2565.7762559713815,842.7064381841253,1.1343884501877435,502034.3723796159,400.0,17273.533634480256,21.50942842998534,10380464.897730378,5800.0,0.0013443156746898454,595.7405208169597,0.02555063614950705,4.315525919025254e-15
15.25,0.75,4,2561.0644650376635,839.0988165973616,1.1281707958109943,499139.37679051486,400.0,17902.85774692828,22.355556526843586,10754819.430323265,6100.0,0.0013426976433013361,594.8517229646208,0.02648151872151153,5.4675639120381146e-12
16.25,1.0,5,2556.3854485711227,832.3621822448156,1.120076068149102,495259.28126748174,400.0,18735.219929173094,23.47563259499269,11250078.711590746,6500.0,0.001343851122177725,595.0045446944818,0.027712730800821952,7.395245721133766e-15
17.25,1.0,5,2552.7510013782744,824.3071877701337,1.1125353618893417,491664.72549569275,400.0,19559.527116943227,24.58816795688203,11741743.437086439,6900.0,0.0013478419896096854,596.4581321020803,0.028932028107083386,6.179665040534074e-15
18.25,1.0,4,2549.665503940736,816.1317745403022,1.105695921124093,488490.63424359,400.0,20375.65889148353,25.693863878006123,12230234.07133003,7300.0,0.0013529677249132963,598.5438252526551,0.030139232519486074,3.4224677160280388e-12
19.25,1.0,4,2547.0111851211905,808.6393545479915,1.0994374552719872,485630.80518799747,400.0,21184.29824603152,26.79330133327811,12715864.876518028,7700.0,0.0013577680433859666,600.5530184212374,0.031335354306807305,7.184448736054344e-14
20.25,1.0,4,2544.61104905838,802.2292150577505,1.0936715283958998,482973.2407516567,400.0,21986.527461089274,27.886972861674007,13198838.117269684,8100.0,0.0013614345447614943,602.0389580512705,0.03252199435488234,5.013093013669506e-14
21.25,1.0,4,2542.5315525641195,796.8084793141273,1.0883351849072493,480466.26507770014,400.0,22783.3359404034,28.975308046581254,13679304.382347384,8500.0,0.0013640049253618948,602.9883937621665,0.03370061616826498,6.292997207396613e-14
22.25,1.0,4,2540.513123301581,792.0441968217683,1.0833834773939715,478115.15942795546,400.0,23575.38013722517,30.058691523975227,14157419.54177534,8900.0,0.0013659636914723436,603.6470708913539,0.03487219075836075,7.209432842835248e-14
23.25,1.0,4,2538.6372814558595,787.5835135049549,1.0787637727563932,475934.44044767576,400.0,24362.963650730126,31.13745529673162,14633353.982223015,9300.0,0.0013678399535984509,604.2971091784815,0.03603716720248257,1.733210725568158e-13
24.25,1.0,5,2536.8625990207147,783.1878925722559,1.0744164735994597,473922.49464044906,400.0,25146.15154330238,32.21187177033108,15107276.476863464,9700.0,0.0013699708136001205,605.1197919874962,0.0371956417394973,5.960441937414366e-15
25.25,1.0,5,2535.1946282403374,778.7353462275005,1.0702774831872872,472058.7865746962,400.0,25924.88688952988,33.28214925351837,15579335.263438161,10100.0,0.0013724926451471272,606.1864134735043,0.0383475301665706,5.360490538339536e-15
26.25,1.0,4,2533.6504615255217,774.2021065930136,1.06629216341659,470313.95906614664,400.0,26699.088996122893,34.34844141693496,16049649.222504308,10500.0,0.0013753845315080259,607.4821484739044,0.03949271312393919,5.8592956943465174e-15
27.25,1.0,4,2532.137177877899,769.5816136756904,1.0624130810935315,468660.51688940567,400.0,27468.670609798584,35.41085449802849,16518309.739393715,10900.0,0.0013786041858582137,608.9809171128458,0.04063106154844033,5.747848149319987e-15
28.25,1.0,4,2530.6441322020364,764.9343607978137,1.0586288269959199,467083.3197742315,400.0,28233.6049705964,36.46948332502441,16985393.059167948,11300.0,0.0013820346156359028,610.6188239302932,0.041762535857321016,7.488812254595357e-15
29.25,1.0,4,2529.2431768551332,760.3188010093436,1.0549393427154647,465573.5362987756,400.0,28993.923771605743,37.52442266773988,17450966.59546672,11700.0,0.001385573584699232,612.3398970020395,0.0428871829303114,5.880528510091208e-15
30.0,0.75,4,2528.2214620521713,756.9037823074511,1.052231291967809,464480.9987499838,400.0,29561.601608336332,38.31359613671573,17799327.34452921,12000.0,0.0013882484907942363,613.6592386075745,0.043726879668880836,5.2543933982200805e-15
31.125,1.125,5,2526.633284665807,751.9342149558821,1.0482944753390733,462901.02874874626,400.0,30407.5276001617,39.49292742147219,18320091.001871552,12450.0,0.0013921896753364448,615.6137326134386,0.04497815504101411,7.46253000047066e-15
32.25,1.125,4,2525.1371365843956,747.1541111069206,1.0444780178578386,461371.9980015395,400.0,31248.075975156986,40.66796519156226,18839134.499623284,12900.0,0.001395990360098967,617.505801203462,0.04622147595901631,7.334578157149523e-15
33.9375,1.6875,4,2522.9620648405385,740.4729706554829,1.0390040050314795,459141.30655289494,400.0,32497.624113138114,42.42128445005288,19613935.454431295,13575.0,0.0014011965288991666,620.0649108723753,0.04806978045191519,3.300856262383129e-12
36.46875,2.53125,5,2519.806760316319,731.6369766350426,1.0313688415165316,455905.2148699938,400.0,34349.580210245564,45.0319368301416,20767945.529570967,14587.5,0.0014076885508758875,623.1303630480801,0.05080915372685411,1.6112665890297916e-14
39.0,2.53125,5,2516.734165170886,723.8581878620084,1.0242883911426286,452795.3507050781,400.0,36181.84624827127,47.62466682022138,21914083.761043195,15600.0,0.0014130406303061408,625.5304675663848,0.053519401893635896,1.6074592055368927e-14
41.53125,2.53125,5,2513.9110382905183,716.9267994032255,1.0177021485411564,449811.9035116722,400.0,37996.567209260684,50.20072538371618,23052670.141807117,16612.5,0.0014175220317747305,627.4167793505537,0.056203697763160185,1.3708005151748491e-14
44.0625,2.53125,5,2511.2623563442585,710.7144961679127,1.0115684717446485,446954.0615610881,400.0,39795.56327768571,52.761258077819825,24184022.61013362,17625.0,0.0014212890633094905,628.8799003974322,0.058864733712803305,1.4872826378757156e-14
46.59375,2.53125,5,2508.6173290857096,705.1105307174514,1.005850349541277,444224.7899343679,400.0,41580.374308564256,55.30731677509618,25308466.60965499,18637.5,0.001424482389179762,630.0073117364567,0.06150478746269583,1.457928004759917e-14
49.125,2.53125,5,2506.2649926349295,700.0350138161082,1.000519102906434,441626.38673384313,400.0,43352.337937286284,57.83988075432809,26426333.401075028,19650.0,0.0014272016979516165,630.8632825755394,0.06412583761408247,1.633955478107551e-14
51.65625,2.53125,4,2503.9972593387815,695.4071779595621,0.9955393637038475,439157.542179371,400.0,45112.58735649643,60.35983976870346,27537950.92971656,20662.5,0.001429545489900385,631.5113736213232,0.06672956036093507,6.287909527634642e-13
55.453125,3.796875,5,2500.693360996525,689.2589512630193,0.9887380107944536,435716.64450683066,400.0,47729.617437073204,64.11395440343865,29192312.564328432,22181.25,0.0014324394361025262,632.1523191079493,0.07060061447158081,2.3566317094936612e-14
59.25,3.796875,6,2497.738268130868,683.7864845944093,0.9825257351569829,432519.8976015587,400.0,50325.8692457676,67.84448180411283,30834536.55053435,23700.0,0.001434827978976607,632.536482288195,0.07444093381330687,2.5018112026784216e-14
63.046875,3.796875,5,2494.947978935817,678.8654221472082,0.9768298773688935,429553.3056282273,400.0,52903.43639548278,71.55338274474785,32465496.757841524,25218.75,0.00143684784883535,632.7517820388871,0.0782536152128922,2.8386445493431896e-14
66.84375,3.796875,5,2492.377047682196,674.4127773954215,0.9715919570683238,426799.0883069968,400.0,55464.09740965602,75.24239595674165,34085999.54625715,26737.5,0.0014385763146988679,632.8454955365653,0.08204128942361467,2.293204856562553e-14
70.640625,3.796875,5,2489.883517558456,670.3512171627041,0.9667564488263731,424240.1964289378,400.0,58009.337187320656,78.91304934837927,35696786.54207328,28256.25,0.0014400872415577587,632.8625734798486,0.08580615287590494,2.1779582508263554e-14
74.4375,3.796875,5,2487.514313306674,666.6116620655156,0.9622701170637533,421858.3428759235,400.0,60540.37834172566,82.56666869910572,37298529.937680304,29775.0,0.0014414435176006476,632.8397279591287,0.0895500140327525,3.309027925682633e-14
78.234375,3.796875,5,2485.2361152936173,663.1477163895654,0.9580879090076518,419632.89039128576,400.0,63058.26732739229,86.20440872861914,38891823.568384714,31293.75,0.0014426735962947681,632.7894675954412,0.09327442078697916,2.3815601480948832e-14
82.03125,3.796875,5,2482.985094611907,659.9288728545508,0.9541738281694554,417544.52671013935,400.0,65563.93476651191,89.82728748245005,40477187.943237275,32812.5,0.0014437862084054026,632.7114085856442,0.09698074969473763,2.3676277097298616e-14
85.828125,3.796875,5,2480.7749242238287,656.9235126651773,0.950496450825978,415578.648276078,400.0,68058.1912286625,93.43620369417994,42055088.12341051,34331.25,0.001444800125335817,632.6134477818445,0.10067019973295988,2.82022430924275e-14
89.625,3.796875,4,2478.6546209792978,654.0960399865629,0.9470261485509219,413724.04857695627,400.0,70541.71213048648,97.03194360195921,43625946.620351136,35850.0,0.0014457463905977468,632.512694290972,0.10434376996328812,4.51695368783016e-12
94.625,5.0,5,2475.8774651813087,650.6128915000544,0.9427552065029414,411449.202314259,400.0,73794.77658798675,101.74571963447391,45683192.63192243,37850.0,0.0014469296847756923,632.4024741741912,0.10915563232355055,3.3281086778734656e-14
99.625,5.0,5,2473.175545236753,647.3210349906401,0.9387344237519948,409319.5480315302,400.0,77031.38176293996,106.43939175323389,47729790.37208008,39850.0,0.00144808372822519,632.3285138377262,0.11394314847020431,2.843097030978226e-14
104.625,5.0,5,2470.5031473680115,644.1764696428309,0.9349231807047929,407317.15435360244,400.0,80252.26411115412,111.11400765675785,49766376.14384809,41850.0,0.001449243016175553,632.3067878891057,0.11870740775270092,3.2578576495454684e-14
109.625,5.0,5,2467.8448990657926,641.1409654877289,0.9312879929518085,405428.04426906194,400.0,83457.96893859276,115.7704476215169,51793516.365193404,43850.0,0.0014504411114220966,632.3539846820498,0.12344921677578953,3.413808291381205e-14
114.625,5.0,5,2465.213198843508,638.1793152011877,0.9278007508638986,403641.8862796298,400.0,86648.8655145987,120.40945137583638,53811725.79659155,45850.0,0.0014517140049079128,632.489766849276,0.1281691217546696,2.724046372271611e-14
119.625,5.0,5,2462.590936083766,635.259822665125,0.9244376887890398,401950.86898389494,400.0,89825.16462792433,125.03163981978159,55821480.14151102,47850.0,0.0014530973908011625,632.7345987309227,0.13286743448348995,3.0969745325681295e-14
124.625,5.0,5,2459.9747416808264,632.3544133980511,0.9211785601657104,400348.9574621597,400.0,92986.93669491459,129.63753262061013,57823224.928821824,49850.0,0.0014546250824498687,633.1085052618272,0.1375442591205801,3.8436876350094576e-14
129.625,5.0,5,2457.3223725501325,629.434546884633,0.9180049829433992,398832.3768844512,400.0,96134.10942933775,134.22755753532712,59817386.81324408,51850.0,0.0014563357921270894,633.6359814669528,0.1421994887417146,3.359052844635407e-14
134.625,5.0,4,2454.6337181773843,626.4718850002322,0.9148996210569988,397398.64058267593,400.0,99266.46885433892,138.8020556406121,61804380.01615746,53850.0,0.0014582704696422027,634.343934816051,0.14683280683697253,2.4871093642330948e-12
139.625,5.0,5,2451.9210554514675,623.4391182071934,0.9118458003718843,396045.9289781141,400.0,102383.66444537489,143.36128464247153,63784609.66104803,55850.0,0.0014604699166618656,635.2599915722524,0.15144369491805532,2.795100556682926e-14
144.625,5.0,5,2449.1694863756943,620.3131632864743,0.9088279711262227,394772.08408001764,400.0,105485.23026180726,147.90542449810263,65758470.08144812,57850.0,0.001462968123981563,636.4077170126135,0.15603146377568064,2.828557870221668e-14
149.625,5.0,5,2446.3971815799805,617.0767795045315,0.9058322468307702,393574.38008572743,400.0,108570.61415932991,152.4345857322565,67726341.98187676,59850.0,0.001465789214139282,637.8045539191079,0.1605952966899714,3.315118102259566e-14
154.625,5.0,5,2443.577295716121,613.7175850600188,0.9028464741632758,392450.0787607917,400.0,111639.20208463,156.94881810307288,69688592.37568071,61850.0,0.0014689496603776083,639.4636365559118,0.16513428536659097,3.9531509263578575e-14
159.625,5.0,5,2440.7337817077982,610.2268960775585,0.8998599622116297,391396.7136308557,400.0,114690.33656501779,161.44811791413102,71645575.94383499,63850.0,0.001472460423829111,641.3953828431548,0.16964745728620262,3.2267734156689935e-14
164.625,5.0,5,2437.8782296429554,606.5991399470429,0.8968630464564141,390411.8906109214,400.0,117723.332264753,165.93243314641308,73597635.3968896,65850.0,0.001476327485344807,643.6077219710614,0.1741337987150498,3.3449875902893945e-14
169.625,5.0,5,2434.97877210518,602.8319160103032,0.8938467278568262,389492.77383012354,400.0,120737.49184480452,170.40166678569722,75545099.26604022,67850.0,0.0014805509107360946,646.1050974339364,0.1785922781643686,3.075050069158983e-14
174.625,5.0,4,2431.999974976378,598.9256167539816,0.8908024422390266,388635.887719722,400.0,123732.11992857442,174.85567899689235,77488278.70463882,69850.0,0.0014851251378425745,648.888404249639,0.1830218670481837,2.056418821361612e-12
179.625,5.0,4,2428.925546526965,594.8823562696576,0.8877219323330547,387837.39895022765,400.0,126706.53170992271,179.29428865855763,79427465.69938996,71850.0,0.0014900411497874525,651.9564664553989,0.18742155241611186,6.8587478332860495e-12
180.0,0.375,3,2428.6931062144154,594.578729255825,0.8874905739149819,387778.60902356583,400.0,126929.49873339364,179.62709762377574,79572882.6777738,72000.0,0.0014904129644310296,652.1905173246101,0.18775136039927243,8.789992115765187e-13
180.5625,0.5625,3,2428.343073220214,594.1214239585967,0.8871430850221972,387691.2447458846,400.0,127263.69203437035,180.12611560910074,79790959.00294337,72225.0,0.00149097531390193,652.5454715346239,0.18824569187872225,7.685334936825774e-12
181.40625,0.84375,4,2427.8153638635204,593.4314650355155,0.8866207533287283,387561.86230999144,400.0,127764.39983299407,180.87420186972184,80117964.32426742,72562.5,0.0014918286596510145,653.0861357120602,0.18898632799004564,6.195505836966014e-15
182.671875,1.265625,4,2427.018166791004,592.3877517769461,0.8858346706958404,387371.34648198547,400.0,128514.14058133676,181.99533637482128,80608231.18465868,73068.75,0.001493130135794471,653.9151853157217,0.190095328237055,9.93978867648049e-15
184.5703125,1.8984375,4,2425.809930191501,590.8027367766836,0.8846493185528145,387093.2079772743,400.0,129635.74265193625,183.6747878155114,81343103.44667803,73828.125,0.001495129589276767,655.1987387350085,0.19175437768326772,1.2804448754843586e-14
187.41796875,2.84765625,4,2423.9797771704216,588.382034202162,0.882855830912539,386692.1465205179,400.0,131311.25242901975,186.18885774025844,82444269.7545431,74967.1875,0.0014982325365812746,657.2127020242335,0.1942327553901746,9.16565869192771e-13
191.689453125,4.271484375,5,2421.2000431762417,584.6554818663144,0.8801258536752848,386123.49536692386,400.0,133808.59918456982,189.94830157226596,84093590.2318233,76675.78125,0.001503112435983862,660.4291028527698,0.1979267765233399,2.5524132083219536e-14
195.9609375,4.271484375,4,2418.3615337340966,580.8366601128052,0.8773506688171171,385588.531109071,400.0,136289.63390266884,193.69589124551408,85740625.61763489,78384.375,0.0015082164990976603,663.8501967733669,0.2015966692446476,2.0711936061436556e-12
200.0,4.0390625,5,2415.650816179269,577.1456948628008,0.8746817106724053,385110.7908867899,400.0,138620.7614358256,197.22878534252683,87296112.17145106,80000.0,0.0015132368098466557,667.2678914781449,0.2050448225106877,2.9337361629957535e-14
